City,City,Lat,Lng,Max Temp,Humidity,Cloudiness,Wind Speed,Country,Date
0,Ribeira Grande,38.5167,-28.7,70.2,68,40,11.5,PT,2022-07-09 19:46:45
1,Tevriz,57.509,72.4042,63.55,76,100,4.05,RU,2022-07-09 19:46:45
2,Punta Arenas,-53.15,-70.9167,33.91,60,20,11.5,CL,2022-07-09 19:44:47
3,Ushuaia,-54.8,-68.3,28.06,93,100,20.71,AR,2022-07-09 19:44:45
4,Andra,62.5147,65.8878,63.48,75,16,4.7,RU,2022-07-09 19:46:46
5,Carnarvon,-24.8667,113.6333,66.27,100,75,8.05,AU,2022-07-09 19:46:47
6,Jumla,29.2747,82.1838,60.55,91,100,2.71,NP,2022-07-09 19:46:47
7,Busselton,-33.65,115.3333,55.99,59,92,17.98,AU,2022-07-09 19:46:47
8,San Carlos De Bariloche,-41.1456,-71.3082,40.75,81,100,9.22,AR,2022-07-09 19:46:48
9,Mataura,-46.1927,168.8643,35.47,91,41,1.86,NZ,2022-07-09 19:46:48
10,Vinh,18.6667,105.6667,77.13,93,99,4.32,VN,2022-07-09 19:46:49
11,Santa Cruz,-17.8,-63.1667,87.85,48,75,21.85,BO,2022-07-09 19:46:49
12,Ilulissat,69.2167,-51.1,50.02,62,20,4.61,GL,2022-07-09 19:46:49
13,Yining,29.0361,114.5636,78.51,93,5,2.37,CN,2022-07-09 19:46:50
14,Avarua,-21.2078,-159.775,75.25,60,99,12.66,CK,2022-07-09 19:46:50
15,Isangel,-19.55,169.2667,75.43,83,11,9.8,VU,2022-07-09 19:46:51
16,Faanui,-16.4833,-151.75,78.62,73,79,18.43,PF,2022-07-09 19:46:51
17,Albany,42.6001,-73.9662,81.77,41,0,5.26,US,2022-07-09 19:43:55
18,Esperance,-33.8667,121.9,58.71,80,100,22.7,AU,2022-07-09 19:46:52
19,Antofagasta,-23.65,-70.4,60.08,78,100,6.33,CL,2022-07-09 19:46:51
20,Bluff,-46.6,168.3333,35.8,74,61,3.02,NZ,2022-07-09 19:46:52
21,San Patricio,28.017,-97.5169,100.17,32,14,12.95,US,2022-07-09 19:46:53
22,Togur,58.3631,82.8265,63.99,77,55,3.83,RU,2022-07-09 19:46:53
23,Ponta Do Sol,32.6667,-17.1,75.83,75,4,1.39,PT,2022-07-09 19:46:54
24,Vardo,70.3705,31.1107,48.18,93,100,6.91,NO,2022-07-09 19:46:54
25,Barrow,71.2906,-156.7887,53.62,76,100,10.36,US,2022-07-09 19:46:55
26,Cayenne,4.9333,-52.3333,83.08,1,100,4.61,GF,2022-07-09 19:45:33
27,Rikitea,-23.1203,-134.9692,74.95,78,70,14.65,PF,2022-07-09 19:46:55
28,Buarcos,40.166,-8.8768,79.14,68,3,6.67,PT,2022-07-09 19:46:56
29,Plettenberg Bay,-34.0527,23.3716,59.92,79,6,6.76,ZA,2022-07-09 19:46:56
30,Mazara Del Vallo,37.6641,12.588,80.55,54,0,13.04,IT,2022-07-09 19:46:56
31,Tokur,53.1333,132.9,59.95,98,100,1.16,RU,2022-07-09 19:46:57
32,Acari,-15.4311,-74.6158,71.74,59,67,8.99,PE,2022-07-09 19:46:57
33,Fairbanks,64.8378,-147.7164,74.23,60,0,6.91,US,2022-07-09 19:46:58
34,Constitucion,-35.3333,-72.4167,52.99,84,100,11.99,CL,2022-07-09 19:46:58
35,Astoria,46.1879,-123.8313,67.46,71,75,8.05,US,2022-07-09 19:46:58
36,Quatre Cocos,-20.2078,57.7625,68.11,64,58,19.26,MU,2022-07-09 19:46:59
37,Sorland,67.667,12.6934,55.26,81,100,6.78,NO,2022-07-09 19:46:59
38,Kodiak,57.79,-152.4072,54.91,88,100,13.8,US,2022-07-09 19:47:00
39,Cabo San Lucas,22.8909,-109.9124,95.61,63,91,5.17,MX,2022-07-09 19:44:20
40,Saint George,37.1041,-113.5841,107.64,9,0,5.99,US,2022-07-09 19:45:21
41,Tasiilaq,65.6145,-37.6368,48.36,80,99,1.74,GL,2022-07-09 19:47:01
42,Poum,-20.2333,164.0167,77.04,86,88,17.65,NC,2022-07-09 19:47:01
43,Bud,39.447,-86.1758,83.93,68,87,11.54,US,2022-07-09 19:47:01
44,Geraldton,-28.7667,114.6,64.81,72,100,17.27,AU,2022-07-09 19:47:02
45,Peniche,39.3558,-9.3811,73.45,84,0,10.33,PT,2022-07-09 19:47:02
46,Puerto Ayora,-0.7393,-90.3518,78.76,86,82,8.99,EC,2022-07-09 19:47:03
47,Sao Filipe,14.8961,-24.4956,74.35,84,43,7.23,CV,2022-07-09 19:48:03
48,North Bend,43.4065,-124.2243,72.25,80,40,12.66,US,2022-07-09 19:48:04
49,Hualmay,-11.0964,-77.6139,66.78,71,25,11.54,PE,2022-07-09 19:48:04
50,Akyab,20.15,92.9,80.55,86,88,11.14,MM,2022-07-09 19:48:05
51,Georgetown,5.4112,100.3354,84.13,83,20,0.0,MY,2022-07-09 19:47:51
52,Bilibino,68.0546,166.4372,39.99,93,100,5.3,RU,2022-07-09 19:45:17
53,Cherskiy,68.75,161.3,37.06,85,100,14.5,RU,2022-07-09 19:48:06
54,Andros Town,24.7,-77.7667,87.76,63,0,13.35,BS,2022-07-09 19:48:06
55,Antsohihy,-14.8796,47.9875,70.43,57,2,10.56,MG,2022-07-09 19:48:07
56,Aleksandrov Gay,50.147,48.5704,79.12,38,61,9.91,RU,2022-07-09 19:48:07
57,Carballo,43.213,-8.691,90.82,61,0,0.76,ES,2022-07-09 19:48:07
58,Atuona,-9.8,-139.0333,77.86,77,41,19.64,PF,2022-07-09 19:48:08
59,Barra Patuca,15.8,-84.2833,82.9,78,59,10.29,HN,2022-07-09 19:48:08
60,Provideniya,64.3833,-173.3,48.81,92,100,8.16,RU,2022-07-09 19:48:09
61,Kailua,21.4022,-157.7394,82.38,76,75,14.97,US,2022-07-09 19:48:09
62,Cullera,39.1667,-0.25,80.19,65,0,7.31,ES,2022-07-09 19:48:09
63,Lazi,48.0667,24.2333,57.06,88,91,4.25,UA,2022-07-09 19:48:10
64,Cidreira,-30.1811,-50.2056,63.61,87,47,9.95,BR,2022-07-09 19:48:10
65,Zhuzhou,27.8333,113.15,84.33,87,16,4.52,CN,2022-07-09 19:48:11
66,Lebu,-37.6167,-73.65,48.83,83,100,4.88,CL,2022-07-09 19:48:11
67,Hermanus,-34.4187,19.2345,58.8,80,0,8.28,ZA,2022-07-09 19:48:12
68,Walvis Bay,-22.9575,14.5053,58.08,82,0,5.75,NA,2022-07-09 19:48:12
69,Ahipara,-35.1667,173.1667,57.38,93,48,4.25,NZ,2022-07-09 19:48:13
70,Jalu,29.0331,21.5482,83.26,47,0,18.52,LY,2022-07-09 19:48:13
71,Yellowknife,62.456,-114.3525,68.56,68,75,9.22,CA,2022-07-09 19:45:48
72,Port Blair,11.6667,92.75,82.44,89,100,6.91,IN,2022-07-09 19:48:14
73,Sitka,57.0531,-135.33,57.09,88,100,6.91,US,2022-07-09 19:48:15
74,Lisakovsk,52.5369,62.4936,66.6,69,41,6.17,KZ,2022-07-09 19:48:15
75,Yulara,-25.2406,130.9889,40.95,65,0,6.98,AU,2022-07-09 19:48:16
76,Abu Dhabi,24.4667,54.3667,93.31,68,0,5.75,AE,2022-07-09 19:48:05
77,Codrington,-38.2667,141.9667,41.83,95,2,9.66,AU,2022-07-09 19:48:16
78,New Norfolk,-42.7826,147.0587,44.1,86,15,2.55,AU,2022-07-09 19:48:17
79,Udachnyy,66.4167,112.4,52.45,71,8,5.59,RU,2022-07-09 19:48:17
80,Anchorage,61.2181,-149.9003,69.08,63,0,6.91,US,2022-07-09 19:45:00
81,Bone,51.9669,12.1396,63.28,63,84,12.57,DE,2022-07-09 19:48:18
82,Guerrero Negro,27.9769,-114.0611,77.9,57,14,17.6,MX,2022-07-09 19:48:18
83,Port Alfred,-33.5906,26.891,69.1,34,0,12.77,ZA,2022-07-09 19:48:19
84,Yatou,37.15,122.3833,75.31,78,98,4.47,CN,2022-07-09 19:48:19
85,Eyl,7.9803,49.8164,77.47,69,26,25.97,SO,2022-07-09 19:48:20
86,Alugan,12.2188,125.4808,76.98,88,98,4.59,PH,2022-07-09 19:48:20
87,Kaitangata,-46.2817,169.8464,34.45,86,56,4.21,NZ,2022-07-09 19:48:21
88,Cape Town,-33.9258,18.4232,58.12,89,75,9.22,ZA,2022-07-09 19:48:21
89,Shache,38.4167,77.2406,76.48,17,1,3.89,CN,2022-07-09 19:48:22
90,Alofi,-19.0595,-169.9187,75.09,83,97,14.97,NU,2022-07-09 19:48:22
91,Narsaq,60.9167,-46.05,55.62,82,24,6.38,GL,2022-07-09 19:48:22
92,Bambous Virieux,-20.3428,57.7575,68.25,64,20,11.5,MU,2022-07-09 19:48:23
93,Bonthe,7.5264,-12.505,75.78,92,100,9.91,SL,2022-07-09 19:48:23
94,Kieta,-6.2167,155.6333,76.8,82,70,6.58,PG,2022-07-09 19:49:24
95,Blythe,33.6103,-114.5964,112.03,9,20,6.91,US,2022-07-09 19:49:24
96,Dori,14.0354,-0.0345,89.56,46,100,13.51,BF,2022-07-09 19:49:25
97,Nikolskoye,59.7035,30.7861,62.8,96,87,3.65,RU,2022-07-09 19:49:25
98,Portland,45.5234,-122.6762,80.1,54,40,5.75,US,2022-07-09 19:49:22
99,Qaanaaq,77.484,-69.3632,43.68,75,69,1.23,GL,2022-07-09 19:47:42
100,Bonavista,48.6499,-53.1147,57.43,77,53,18.97,CA,2022-07-09 19:49:26
101,Upernavik,72.7868,-56.1549,40.01,83,6,8.84,GL,2022-07-09 19:49:27
102,Jasper,37.2001,-94.3502,89.11,60,75,13.8,US,2022-07-09 19:48:48
103,Huntingdon,52.3305,-0.1865,74.1,64,23,4.61,GB,2022-07-09 19:46:12
104,San Vicente,-26.6167,-54.1333,73.76,53,17,5.53,AR,2022-07-09 19:49:28
105,Aswan,24.0934,32.907,96.1,17,0,13.8,EG,2022-07-09 19:49:28
106,Olga,43.7444,135.2892,60.75,92,100,4.12,RU,2022-07-09 19:49:28
107,Mantua,45.1667,10.7833,79.75,55,1,1.99,IT,2022-07-09 19:49:29
108,Hilo,19.7297,-155.09,83.25,81,100,11.5,US,2022-07-09 19:49:29
109,Waingapu,-9.6567,120.2641,74.97,85,97,11.3,ID,2022-07-09 19:49:30
110,Dehloran,32.6941,47.2679,97.88,13,0,5.73,IR,2022-07-09 19:49:30
111,Khatanga,71.9667,102.5,46.09,93,100,1.39,RU,2022-07-09 19:49:30
112,Airai,-8.9266,125.4092,55.99,94,83,3.8,TL,2022-07-09 19:49:31
113,Coihueco,-36.6167,-71.8333,47.14,93,100,16.11,CL,2022-07-09 19:45:36
114,Luderitz,-26.6481,15.1594,55.65,91,0,9.98,NA,2022-07-09 19:49:29
115,Kragujevac,44.0167,20.9167,66.49,54,89,6.11,RS,2022-07-09 19:49:32
116,Moron,-34.6534,-58.6198,66.0,87,98,6.44,AR,2022-07-09 19:49:32
117,Bay Roberts,47.5999,-53.2648,62.51,59,83,6.44,CA,2022-07-09 19:49:32
118,Lavrentiya,65.5833,-171.0,50.65,79,100,9.4,RU,2022-07-09 19:49:33
119,Belaya Gora,68.5333,146.4167,49.19,73,4,7.83,RU,2022-07-09 19:49:33
120,Launceston,-41.45,147.1667,35.15,100,5,0.0,AU,2022-07-09 19:49:34
121,Castro,-24.7911,-50.0119,65.88,63,12,3.22,BR,2022-07-09 19:48:22
122,Hobart,-42.8794,147.3294,44.46,90,100,1.14,AU,2022-07-09 19:47:45
123,Dikson,73.5069,80.5464,32.99,91,100,6.85,RU,2022-07-09 19:49:34
124,Hithadhoo,-0.6,73.0833,82.27,76,6,5.37,MV,2022-07-09 19:49:35
125,Mar Del Plata,-38.0023,-57.5575,57.22,91,75,9.22,AR,2022-07-09 19:46:59
126,Nanortalik,60.1432,-45.2371,44.62,89,34,6.58,GL,2022-07-09 19:49:35
127,Plaster Rock,46.9065,-67.39,66.96,40,17,11.3,CA,2022-07-09 19:49:36
128,Leningradskiy,69.3833,178.4167,39.09,93,100,9.24,RU,2022-07-09 19:49:36
129,Chokurdakh,70.6333,147.9167,50.4,49,51,5.41,RU,2022-07-09 19:49:36
130,Port Elizabeth,-33.918,25.5701,72.32,35,75,8.05,ZA,2022-07-09 19:49:37
131,Aklavik,68.2191,-135.0107,57.2,94,100,11.5,CA,2022-07-09 19:49:37
132,Kavieng,-2.5744,150.7967,81.12,72,72,14.88,PG,2022-07-09 19:49:38
133,Los Llanos De Aridane,28.6585,-17.9182,67.75,88,0,18.41,ES,2022-07-09 19:49:38
134,Sringeri,13.4167,75.25,69.42,95,100,7.23,IN,2022-07-09 19:49:38
135,Massaguet,12.4755,15.4365,87.93,46,57,4.99,TD,2022-07-09 19:49:39
136,Thompson,55.7435,-97.8558,71.76,68,75,6.91,CA,2022-07-09 19:45:22
137,Gobabis,-22.45,18.9667,55.62,30,0,11.88,NA,2022-07-09 19:49:39
138,Torbay,47.6666,-52.7314,65.28,79,75,14.97,CA,2022-07-09 19:50:43
139,Saskylakh,71.9167,114.0833,50.14,73,100,7.99,RU,2022-07-09 19:50:17
140,Tuktoyaktuk,69.4541,-133.0374,50.0,93,100,8.05,CA,2022-07-09 19:50:44
141,Naze,28.3667,129.4833,81.52,91,7,9.04,JP,2022-07-09 19:46:31
142,Xining,36.6167,101.7667,59.27,84,80,4.63,CN,2022-07-09 19:50:44
143,Muros,42.7762,-9.0603,78.15,57,0,1.41,ES,2022-07-09 19:50:45
144,Itaquitinga,-7.6678,-35.1017,73.4,90,4,7.72,BR,2022-07-09 19:50:45
145,Vila Franca Do Campo,37.7167,-25.4333,70.2,76,16,9.13,PT,2022-07-09 19:50:46
146,Antalaha,-14.9003,50.2788,69.12,84,83,14.03,MG,2022-07-09 19:50:46
147,Fortuna,40.5982,-124.1573,72.93,70,20,7.0,US,2022-07-09 19:50:46
148,Kautokeino,69.0125,23.0412,53.42,78,81,9.73,NO,2022-07-09 19:50:47
149,Isabela,6.7085,121.9711,76.8,86,100,3.47,PH,2022-07-09 19:47:19
150,Flinders,-34.5833,150.8552,53.38,90,100,5.01,AU,2022-07-09 19:50:48
151,Sassandra,4.95,-6.0833,75.31,84,100,7.45,CI,2022-07-09 19:50:48
152,Manyana,-23.4,21.7167,55.47,38,0,9.26,BW,2022-07-09 19:50:50
153,Saint-Philippe,-21.3585,55.7679,67.59,66,67,14.99,RE,2022-07-09 19:50:50
154,Cap Malheureux,-19.9842,57.6142,67.46,69,51,1.99,MU,2022-07-09 19:50:51
155,Muravlenko,63.7898,74.523,61.74,66,0,6.64,RU,2022-07-09 19:50:51
156,East London,-33.0153,27.9116,68.38,31,0,8.97,ZA,2022-07-09 19:50:52
157,Westport,41.1415,-73.3579,87.75,50,0,9.22,US,2022-07-09 19:47:28
158,Port Hardy,50.6996,-127.4199,59.18,88,100,5.75,CA,2022-07-09 19:46:16
159,Wuwei,37.9281,102.6414,71.98,50,69,3.11,CN,2022-07-09 19:50:53
160,La Ronge,55.1001,-105.2842,75.45,57,75,21.85,CA,2022-07-09 19:50:53
161,Cockburn Town,21.4612,-71.1419,85.96,66,40,17.27,TC,2022-07-09 19:50:53
162,Ancud,-41.8697,-73.8203,46.22,84,100,14.0,CL,2022-07-09 19:48:23
163,Zhelyabovka,45.3988,34.7578,69.8,72,1,5.37,UA,2022-07-09 19:50:54
164,Rantepao,-2.9701,119.8978,67.5,99,100,1.86,ID,2022-07-09 19:50:54
165,Fare,-16.7,-151.0167,77.63,75,44,17.0,PF,2022-07-09 19:50:55
166,Olafsvik,64.8945,-23.7142,51.84,97,100,13.04,IS,2022-07-09 19:50:55
167,Kruisfontein,-34.0033,24.7314,69.89,59,0,18.59,ZA,2022-07-09 19:50:56
168,Pozo Colorado,-23.4923,-58.7972,93.96,20,4,12.46,PY,2022-07-09 19:50:56
169,Marienburg,54.0359,19.0266,58.57,77,7,8.05,PL,2022-07-09 19:50:57
170,San Angelo,31.4638,-100.437,103.95,24,0,10.36,US,2022-07-09 19:50:57
171,Banfora,10.6333,-4.7667,76.62,81,98,6.15,BF,2022-07-09 19:50:57
172,Longyearbyen,78.2186,15.6401,45.0,67,76,8.75,SJ,2022-07-09 19:50:13
173,Katsuura,35.1333,140.3,75.04,92,100,14.85,JP,2022-07-09 19:50:58
174,Vaini,-21.2,-175.2,73.56,83,40,9.22,TO,2022-07-09 19:50:58
175,Chapleau,47.8405,-83.4034,78.89,34,75,10.36,CA,2022-07-09 19:50:59
176,Gunjur,13.2019,-16.7339,80.26,78,60,12.59,GM,2022-07-09 19:50:59
177,Kiunga,-6.1219,141.2906,71.08,100,94,1.81,PG,2022-07-09 19:51:00
178,Kerrobert,51.9168,-109.1348,75.25,36,5,11.52,CA,2022-07-09 19:51:00
179,Ulladulla,-35.35,150.4667,50.9,80,95,15.82,AU,2022-07-09 19:51:00
180,Jamestown,42.097,-79.2353,80.53,41,0,6.91,US,2022-07-09 19:49:53
181,Dmitriyevka,54.75,55.3333,62.15,84,24,2.48,RU,2022-07-09 19:51:01
182,Conde,-7.2597,-34.9075,78.26,78,75,12.66,BR,2022-07-09 19:52:02
183,Victoria,22.2855,114.1577,85.32,86,8,11.99,HK,2022-07-09 19:50:28
184,Bredasdorp,-34.5322,20.0403,53.71,71,0,6.02,ZA,2022-07-09 19:52:02
185,Mokokchung,26.3333,94.5333,64.4,99,30,3.13,IN,2022-07-09 19:52:03
186,Meybod,32.2501,54.0166,95.02,11,41,8.66,IR,2022-07-09 19:52:03
187,Riesa,51.3,13.3,64.18,72,62,10.2,DE,2022-07-09 19:52:04
188,Oriximina,-1.7656,-55.8661,83.07,66,97,3.65,BR,2022-07-09 19:52:04
189,Evensk,61.95,159.2333,56.64,80,37,0.18,RU,2022-07-09 19:52:04
190,Mahebourg,-20.4081,57.7,68.29,64,20,11.5,MU,2022-07-09 19:52:05
191,Kloulklubed,7.0419,134.2556,79.3,78,99,14.5,PW,2022-07-09 19:52:05
192,Hami,42.8,93.45,83.82,14,100,16.44,CN,2022-07-09 19:52:06
193,Ambilobe,-13.2,49.05,66.16,65,0,5.35,MG,2022-07-09 19:52:06
194,Arraial Do Cabo,-22.9661,-42.0278,76.96,88,40,14.97,BR,2022-07-09 19:52:07
195,Linhares,-19.3911,-40.0722,73.42,60,5,6.31,BR,2022-07-09 19:50:59
196,Hamilton,39.1834,-84.5333,83.52,82,100,3.0,US,2022-07-09 19:48:30
197,Ballina,-28.8667,153.5667,47.01,89,61,8.57,AU,2022-07-09 19:52:08
198,Yar-Sale,66.8333,70.8333,55.08,73,0,6.73,RU,2022-07-09 19:52:08
199,Dawlatabad,36.4141,64.9053,78.84,20,0,3.94,AF,2022-07-09 19:52:09
200,Santa Cruz De Tenerife,28.4682,-16.2546,83.8,38,0,17.27,ES,2022-07-09 19:52:09
201,San Cristobal,7.7669,-72.225,84.38,53,33,6.49,VE,2022-07-09 19:47:39
202,Biella,45.5871,8.0859,73.69,59,21,6.29,IT,2022-07-09 19:52:10
203,Clyde River,70.4692,-68.5914,46.63,71,0,3.44,CA,2022-07-09 19:52:10
204,Araouane,18.9048,-3.5265,101.25,9,100,4.59,ML,2022-07-09 19:52:11
205,College,64.8569,-147.8028,74.21,60,75,6.91,US,2022-07-09 19:48:02
206,Batemans Bay,-35.7167,150.1833,54.1,86,71,11.63,AU,2022-07-09 19:52:12
207,Ternate,0.8,127.4,79.77,79,89,3.87,ID,2022-07-09 19:52:12
208,Puerto Madryn,-42.7692,-65.0385,54.81,44,100,15.77,AR,2022-07-09 19:47:18
209,Beringovskiy,63.05,179.3167,49.57,87,100,16.17,RU,2022-07-09 19:49:57
210,Kapaa,22.0752,-159.319,80.92,83,75,14.97,US,2022-07-09 19:52:13
211,Okha,53.5739,142.9478,62.33,84,96,10.42,RU,2022-07-09 19:52:13
212,Roma,43.2128,-75.4557,77.72,39,0,7.0,US,2022-07-09 19:52:13
213,Kathmandu,27.7167,85.3167,70.02,94,75,4.61,NP,2022-07-09 19:52:14
214,Pecos,31.4229,-103.4932,101.23,22,40,5.75,US,2022-07-09 19:51:03
215,Singaparna,-7.3515,108.111,69.17,92,81,0.47,ID,2022-07-09 19:52:15
216,Maasin,10.1336,124.8447,81.16,80,91,7.31,PH,2022-07-09 19:52:15
217,Cotonou,6.3654,2.4183,76.98,94,20,10.36,BJ,2022-07-09 19:49:16
218,Bandarbeyla,9.4942,50.8122,78.04,68,51,31.63,SO,2022-07-09 19:52:16
219,Yeppoon,-23.1333,150.7333,44.38,69,0,7.81,AU,2022-07-09 19:52:16
220,Katherine,-14.4667,132.2667,52.12,66,96,6.91,AU,2022-07-09 19:52:17
221,Kamwenge,0.1866,30.4539,69.58,58,100,2.24,UG,2022-07-09 19:52:17
222,Kahului,20.8947,-156.47,84.97,69,40,24.16,US,2022-07-09 19:48:05
223,Vallenar,-28.5708,-70.7581,62.46,46,0,9.6,CL,2022-07-09 19:52:18
224,Gwadar,25.1216,62.3254,83.39,83,98,5.88,PK,2022-07-09 19:52:18
225,Sumbe,-11.2061,13.8437,68.63,90,90,6.87,AO,2022-07-09 19:52:19
226,Waipawa,-41.4122,175.5153,43.02,68,100,10.38,NZ,2022-07-09 19:52:19
227,Lermontovka,47.1453,134.3383,66.36,98,100,6.4,RU,2022-07-09 19:52:19
228,Port Hawkesbury,45.6169,-61.3485,70.43,60,0,11.99,CA,2022-07-09 19:52:20
229,Paamiut,61.994,-49.6678,39.69,93,100,10.18,GL,2022-07-09 19:53:20
230,Kharela,25.55,79.8167,93.76,45,100,10.8,IN,2022-07-09 19:53:21
231,Kinlochleven,56.7115,-4.9661,59.29,90,96,4.81,GB,2022-07-09 19:53:21
232,Butaritari,3.0707,172.7902,81.5,79,32,12.33,KI,2022-07-09 19:53:21
233,Awjilah,29.1081,21.2869,82.4,51,0,18.48,LY,2022-07-09 19:53:22
234,Mangrol,21.1167,70.1167,82.17,82,100,21.85,IN,2022-07-09 19:53:22
235,Pangnirtung,66.1451,-65.7125,46.4,87,75,21.85,CA,2022-07-09 19:53:23
236,Hasaki,35.7333,140.8333,75.6,92,100,17.92,JP,2022-07-09 19:53:23
237,Taoudenni,22.6783,-3.9836,104.95,6,0,10.74,ML,2022-07-09 19:50:45
238,Namibe,-15.1961,12.1522,63.09,83,0,9.19,AO,2022-07-09 19:53:24
239,Clarksburg,39.2807,-80.3445,75.92,79,100,5.86,US,2022-07-09 19:53:24
240,Goreloye,52.937,41.5043,63.16,70,87,2.89,RU,2022-07-09 19:53:25
241,Port Macquarie,-31.4333,152.9167,47.44,76,2,8.03,AU,2022-07-09 19:53:25
242,Ughelli,5.4899,6.0074,73.09,98,100,2.93,NG,2022-07-09 19:53:25
243,Ngunguru,-35.6167,174.5,57.9,90,34,6.02,NZ,2022-07-09 19:53:26
244,Jatibonico,21.9419,-79.17,86.88,65,83,4.21,CU,2022-07-09 19:53:26
245,Tiksi,71.6872,128.8694,51.62,59,99,9.06,RU,2022-07-09 19:53:27
246,Novobirilyussy,56.9514,90.6661,58.28,88,46,1.28,RU,2022-07-09 19:53:27
247,De-Kastri,51.4667,140.7833,57.94,96,98,7.87,RU,2022-07-09 19:53:28
248,Derzhavinsk,51.1,66.3167,65.93,66,42,8.37,KZ,2022-07-09 19:53:28
249,Hirna,9.2167,41.1,59.23,88,100,7.9,ET,2022-07-09 19:53:28
250,Egvekinot,66.3167,-179.1667,41.41,99,100,7.09,RU,2022-07-09 19:53:10
251,Jardim,-21.4803,-56.1381,90.55,23,0,8.19,BR,2022-07-09 19:53:29
252,Oranjemund,-28.55,16.4333,57.31,79,0,22.3,NA,2022-07-09 19:53:29
253,Sola,-13.8833,167.55,80.13,79,35,17.9,VU,2022-07-09 19:53:30
254,Ketchikan,55.3422,-131.6461,56.95,95,98,5.97,US,2022-07-09 19:53:30
255,Rocha,-34.4833,-54.3333,65.05,88,53,12.28,UY,2022-07-09 19:53:31
256,Ous,60.9058,61.5186,63.99,92,44,2.51,RU,2022-07-09 19:53:31
257,Goderich,43.7501,-81.7165,66.52,63,4,16.11,CA,2022-07-09 19:53:32
258,Pizarro,4.9533,-77.366,80.13,87,91,9.93,CO,2022-07-09 19:53:32
259,Doha,25.2867,51.5333,96.78,59,0,4.61,QA,2022-07-09 19:52:22
260,Nadym,65.5333,72.5167,54.75,78,0,2.26,RU,2022-07-09 19:53:33
261,Shingu,33.7333,135.9833,75.22,93,90,1.81,JP,2022-07-09 19:51:50
262,Cabedelo,-6.9811,-34.8339,79.47,81,15,13.06,BR,2022-07-09 19:53:33
263,Chuy,-33.6971,-53.4616,61.03,92,83,11.88,UY,2022-07-09 19:53:34
264,Mumford,5.2618,-0.759,76.57,86,99,10.13,GH,2022-07-09 19:53:34
265,Eirunepe,-6.6603,-69.8736,86.97,54,98,0.81,BR,2022-07-09 19:53:35
266,Pisco,-13.7,-76.2167,65.01,77,15,9.22,PE,2022-07-09 19:53:35
267,Bunia,1.5667,30.25,65.44,80,94,2.35,CD,2022-07-09 19:53:35
268,Vesoul,47.5833,5.8333,74.21,54,100,6.44,FR,2022-07-09 19:53:36
269,Nokaneng,-19.6667,22.2667,59.94,37,0,5.32,BW,2022-07-09 19:53:36
270,Marzuq,14.4,46.4667,80.8,37,100,4.59,YE,2022-07-09 19:53:37
271,Lompoc,34.6391,-120.4579,88.02,72,0,16.11,US,2022-07-09 19:53:37
272,Mount Gambier,-37.8333,140.7667,33.71,100,100,5.75,AU,2022-07-09 19:53:38
273,Karpathos,35.507,27.2132,73.36,83,31,21.85,GR,2022-07-09 19:53:38
274,Te Anau,-45.4167,167.7167,30.7,91,42,3.24,NZ,2022-07-09 19:54:38
275,Auki,-8.7676,160.7034,75.92,86,28,3.22,SB,2022-07-09 19:54:39
276,Hailey,43.5196,-114.3153,88.99,28,40,9.22,US,2022-07-09 19:54:39
277,Bethel,41.3712,-73.414,86.18,43,0,3.0,US,2022-07-09 19:54:40
278,Suntar,62.1444,117.6319,57.15,97,100,5.55,RU,2022-07-09 19:50:20
279,Dingle,10.9995,122.6711,76.23,92,98,7.78,PH,2022-07-09 19:54:40
280,Quibor,9.9287,-69.6201,88.09,41,93,12.06,VE,2022-07-09 19:54:41
281,Bathsheba,13.2167,-59.5167,86.61,85,40,23.02,BB,2022-07-09 19:54:41
282,Rawson,-43.3002,-65.1023,56.53,37,100,12.88,AR,2022-07-09 19:54:41
283,Champerico,14.3,-91.9167,93.74,69,10,5.08,GT,2022-07-09 19:54:42
284,Coihaique,-45.5752,-72.0662,36.21,100,100,3.44,CL,2022-07-09 19:50:12
285,Waverly,42.7392,-84.6208,80.15,41,0,11.5,US,2022-07-09 19:51:03
286,Knysna,-34.0363,23.0471,59.23,82,12,4.09,ZA,2022-07-09 19:54:42
287,Kapuskasing,49.4169,-82.4331,77.09,41,20,9.22,CA,2022-07-09 19:54:43
288,Kachug,53.9606,105.8817,48.79,94,71,3.6,RU,2022-07-09 19:54:43
289,Miri,4.4148,114.0089,73.54,88,20,4.61,MY,2022-07-09 19:54:44
290,Crisan,44.9667,29.4667,67.82,71,56,12.8,RO,2022-07-09 19:54:44
291,Safakulevo,54.9901,62.5442,65.73,71,100,0.27,RU,2022-07-09 19:54:44
292,Oranjestad,12.524,-70.027,85.95,74,75,23.02,AW,2022-07-09 19:54:45
293,Ambulu,-8.345,113.6058,71.55,91,81,3.15,ID,2022-07-09 19:54:45
294,Hanmer Springs,-42.5167,172.8167,35.01,96,100,1.86,NZ,2022-07-09 19:54:46
295,Chenzhou,25.8,113.0333,77.02,92,10,5.08,CN,2022-07-09 19:54:46
296,Bengkulu,-3.8004,102.2655,74.34,88,7,4.09,ID,2022-07-09 19:54:46
297,Hay River,60.8156,-115.7999,67.98,73,75,8.05,CA,2022-07-09 19:54:47
298,Matara,5.9485,80.5353,79.93,81,97,14.63,LK,2022-07-09 19:52:51
299,Ingham,42.6,-84.3833,79.65,42,0,8.05,US,2022-07-09 19:54:47
300,Severnyy,50.677,36.5532,68.04,73,75,6.71,RU,2022-07-09 19:54:48
301,Mattru,7.6244,-11.8332,73.24,99,100,4.16,SL,2022-07-09 19:54:48
302,Coquimbo,-29.9533,-71.3436,60.53,67,75,11.5,CL,2022-07-09 19:51:54
303,Maraa,-1.8333,-65.3667,79.39,90,98,3.29,BR,2022-07-09 19:54:49
304,Mahon,39.8885,4.2658,77.56,44,0,5.75,ES,2022-07-09 19:54:49
305,La Romana,18.4273,-68.9728,89.96,62,40,9.22,DO,2022-07-09 19:54:50
306,Pevek,69.7008,170.3133,32.4,97,100,13.2,RU,2022-07-09 19:54:50
307,Gorontalo,0.5412,123.0595,74.64,95,73,0.36,ID,2022-07-09 19:54:50
308,Santiago Del Estero,-27.7951,-64.2615,89.74,27,2,9.98,AR,2022-07-09 19:54:51
309,Chicama,-7.8447,-79.1469,63.14,63,75,9.89,PE,2022-07-09 19:54:51
310,Sinnamary,5.3833,-52.95,76.21,90,100,7.49,GF,2022-07-09 19:54:52
311,Kulpahar,25.3167,79.65,92.44,48,100,8.03,IN,2022-07-09 19:54:52
312,The Valley,18.217,-63.0578,87.66,70,20,18.41,AI,2022-07-09 19:54:52
313,Klaksvik,62.2266,-6.589,50.92,98,100,12.35,FO,2022-07-09 19:54:53
314,Waitakere,-36.9175,174.6577,56.19,95,20,3.44,NZ,2022-07-09 19:54:53
315,Hauterive,46.0901,3.4459,74.16,68,3,3.51,FR,2022-07-09 19:54:54
316,Tatawin,32.9297,10.4518,75.72,57,0,12.26,TN,2022-07-09 19:54:54
317,Erenhot,43.6475,111.9767,73.78,27,48,6.67,CN,2022-07-09 19:54:54
318,Gat,31.61,34.7642,78.82,73,0,2.33,IL,2022-07-09 19:51:01
319,Pedasi,7.5333,-80.0333,80.06,77,99,10.25,PA,2022-07-09 19:54:55
320,Seoul,37.5683,126.9778,76.39,94,20,3.44,KR,2022-07-09 19:49:57
321,Barra Do Corda,-5.5,-45.25,91.71,35,27,6.69,BR,2022-07-09 19:54:56
322,Richards Bay,-28.783,32.0377,67.55,71,0,15.59,ZA,2022-07-09 19:54:56
323,Half Moon Bay,37.4636,-122.4286,82.54,70,75,19.57,US,2022-07-09 19:55:57
324,Padang,-0.9492,100.3543,76.64,88,61,3.06,ID,2022-07-09 19:55:57
325,Turukhansk,65.8167,87.9833,56.48,93,38,10.29,RU,2022-07-09 19:55:57
326,Khilok,51.3674,110.4676,49.71,76,36,4.97,RU,2022-07-09 19:55:58
327,Okhotsk,59.3833,143.3,62.51,70,83,3.85,RU,2022-07-09 19:55:58
328,Male,4.1748,73.5089,82.35,89,75,13.8,MV,2022-07-09 19:55:59
329,Severo-Kurilsk,50.6789,156.125,56.17,88,100,10.85,RU,2022-07-09 19:55:59
330,Nuuk,64.1835,-51.7216,38.88,93,100,8.01,GL,2022-07-09 19:55:59
331,Artsyz,45.9919,29.4182,70.12,58,100,13.73,UA,2022-07-09 19:56:00
332,Snyder,32.7179,-100.9176,97.32,37,0,10.36,US,2022-07-09 19:53:52
333,Lucapa,-8.4192,20.7447,68.76,31,7,1.74,AO,2022-07-09 19:56:00
334,Boa Vista,2.8197,-60.6733,84.18,65,75,9.22,BR,2022-07-09 19:56:01
335,Burnie,-41.0667,145.9167,39.94,77,5,7.34,AU,2022-07-09 19:56:01
336,Upata,8.0086,-62.3989,80.19,89,82,7.05,VE,2022-07-09 19:56:02
337,Mendi,-6.1761,143.6513,55.47,99,87,0.6,PG,2022-07-09 19:56:02
338,Fukumitsu,36.55,136.8667,75.2,96,78,3.58,JP,2022-07-09 19:56:03
339,Concepcion Del Oro,24.6333,-101.4167,81.77,21,75,9.33,MX,2022-07-09 19:56:03
340,Emirdag,39.0197,31.15,67.73,72,63,5.95,TR,2022-07-09 19:56:03
341,Makakilo City,21.3469,-158.0858,79.68,79,100,3.44,US,2022-07-09 19:56:04
342,Srednekolymsk,67.45,153.6833,50.52,59,9,4.88,RU,2022-07-09 19:56:04
343,Willmar,45.1219,-95.0433,80.78,65,40,4.61,US,2022-07-09 19:56:05
344,Begoro,6.3871,-0.3774,69.96,90,99,5.46,GH,2022-07-09 19:56:05
345,Brae,60.3964,-1.353,51.01,94,100,3.13,GB,2022-07-09 19:56:06
346,Alta Floresta,-9.8756,-56.0861,98.42,30,20,5.75,BR,2022-07-09 19:56:06
347,Tateyama,34.9833,139.8667,77.09,93,100,11.86,JP,2022-07-09 19:56:06
348,Havre-Saint-Pierre,50.2334,-63.5986,55.76,82,100,16.11,CA,2022-07-09 19:56:07
349,Svobodnyy,51.4,128.1333,60.8,95,80,8.77,RU,2022-07-09 19:56:07
350,San Matias,-16.3667,-58.4,95.36,25,49,6.76,BO,2022-07-09 19:56:08
351,Kangaatsiaq,68.3065,-53.4641,41.13,90,100,7.29,GL,2022-07-09 19:56:08
352,Ivanteyevka,55.9711,37.9208,69.46,85,100,4.16,RU,2022-07-09 19:56:09
353,Victor Harbor,-35.5667,138.6167,42.67,81,2,7.23,AU,2022-07-09 19:51:36
354,Ngama,11.7833,17.1667,84.7,45,16,1.81,TD,2022-07-09 19:56:10
355,Ouadda,8.0777,22.4007,68.92,95,100,2.33,CF,2022-07-09 19:56:10
356,Hambantota,6.1241,81.1185,80.69,75,100,20.85,LK,2022-07-09 19:56:10
357,Agadez,19.75,10.25,93.38,9,0,8.3,NE,2022-07-09 19:56:11
358,Qui Nhon,13.7667,109.2333,77.97,85,100,5.3,VN,2022-07-09 19:56:11
359,Bulgan,48.8125,103.5347,51.37,89,100,2.59,MN,2022-07-09 19:56:12
360,Yuncheng,35.0231,110.9928,81.36,73,0,5.44,CN,2022-07-09 19:56:12
361,Catabola,-12.15,17.2833,59.47,33,15,1.21,AO,2022-07-09 19:56:13
362,Salalah,17.0151,54.0924,77.99,94,100,10.27,OM,2022-07-09 19:56:13
363,Flagstaff,35.1981,-111.6513,93.09,19,0,6.91,US,2022-07-09 19:55:25
364,Xichang,27.8964,102.2634,65.66,90,20,2.19,CN,2022-07-09 19:56:13
365,Tashtyp,52.7939,89.8983,52.68,90,9,1.5,RU,2022-07-09 19:56:14
366,Touros,-5.1989,-35.4608,78.1,79,10,13.85,BR,2022-07-09 19:56:14
367,Ulaangom,49.9811,92.0667,62.83,49,100,3.91,MN,2022-07-09 19:56:15
368,Stokmarknes,68.5646,14.9108,55.38,76,40,3.44,NO,2022-07-09 19:56:15
369,Beloha,-25.1667,45.05,63.07,56,0,9.55,MG,2022-07-09 19:56:16
370,Sioux Lookout,50.1001,-91.917,78.87,47,75,6.91,CA,2022-07-09 19:57:16
371,Kibaya,-5.3,36.5667,53.64,76,55,6.62,TZ,2022-07-09 19:57:17
372,Qaqortoq,60.7167,-46.0333,44.87,87,19,5.01,GL,2022-07-09 19:57:17
373,Port Lincoln,-34.7333,135.8667,49.24,80,0,13.4,AU,2022-07-09 19:57:18
374,Aktau,43.65,51.2,81.18,34,55,16.73,KZ,2022-07-09 19:57:18
375,Custodia,-8.0875,-37.6431,76.93,61,12,14.34,BR,2022-07-09 19:57:19
376,Longonjo,-12.9067,15.2533,62.71,36,40,1.61,AO,2022-07-09 19:57:19
377,Smidovich,48.6,133.8167,64.45,96,95,5.17,RU,2022-07-09 19:57:19
378,Kamaishi,39.2667,141.8833,68.59,92,77,4.38,JP,2022-07-09 19:57:20
379,Homer,59.6425,-151.5483,58.8,76,90,3.0,US,2022-07-09 19:57:20
380,Les Cayes,18.2,-73.75,85.14,61,100,11.5,HT,2022-07-09 19:53:16
381,Bima,-8.4667,118.7167,73.47,94,8,4.0,ID,2022-07-09 19:57:21
382,Mohpa,21.3167,78.8167,76.35,79,97,5.06,IN,2022-07-09 19:57:22
383,Powell River,49.8496,-124.5361,68.07,82,100,8.05,CA,2022-07-09 19:57:22
384,Niamey,13.5137,2.1098,93.49,40,20,12.66,NE,2022-07-09 19:57:22
385,Dicamay,16.7561,122.0037,73.74,92,99,2.44,PH,2022-07-09 19:57:23
386,Haverfordwest,51.8017,-4.9691,62.06,80,0,4.0,GB,2022-07-09 19:57:23
387,Nagato,34.3833,131.2,76.46,93,30,6.24,JP,2022-07-09 19:57:24
388,Elko,41.0002,-115.5012,90.73,13,17,11.99,US,2022-07-09 19:57:24
389,Khvorostyanka,52.6096,48.9597,67.12,73,29,7.02,RU,2022-07-09 19:57:24
390,Geneva,41.8875,-88.3054,80.15,43,0,5.01,US,2022-07-09 19:57:25
391,Meulaboh,4.1363,96.1285,76.53,89,100,3.78,ID,2022-07-09 19:57:25
392,Komsomolskiy,40.4272,71.7189,79.52,34,100,6.91,UZ,2022-07-09 19:57:26
393,Kholm,59.2667,32.85,60.89,75,77,5.55,RU,2022-07-09 19:57:26
394,Sao Gabriel Da Cachoeira,-0.1303,-67.0892,85.8,74,40,2.3,BR,2022-07-09 19:57:27
395,Nyurba,63.2842,118.3319,54.91,69,100,4.65,RU,2022-07-09 19:57:27
396,Sirajganj,24.45,89.7167,83.35,79,97,12.1,BD,2022-07-09 19:57:27
397,Langenhagen,52.45,9.75,62.29,65,100,9.22,DE,2022-07-09 19:57:28
398,Malindi,-3.2175,40.1191,75.4,75,0,18.75,KE,2022-07-09 19:57:28
399,Lorengau,-2.0226,147.2712,81.18,79,92,9.98,PG,2022-07-09 19:57:29
400,Platnirovskaya,45.3953,39.3842,75.9,77,5,2.89,RU,2022-07-09 19:57:29
401,Cairns,-16.9167,145.7667,67.95,83,100,10.36,AU,2022-07-09 19:57:29
402,Grindavik,63.8424,-22.4338,57.15,94,100,19.57,IS,2022-07-09 19:57:30
403,Celestun,20.8667,-90.4,82.71,73,71,11.74,MX,2022-07-09 19:57:18
404,Zhanaozen,43.3,52.8,83.19,22,6,8.86,KZ,2022-07-09 19:57:30
405,Santo Antonio Do Leverger,-15.8656,-56.0767,93.58,20,97,4.5,BR,2022-07-09 19:57:31
406,Lloydminster,53.2835,-110.0016,73.62,53,20,10.36,CA,2022-07-09 19:54:07
407,Loiza,18.4313,-65.8802,89.82,79,99,15.14,PR,2022-07-09 19:57:32
408,Licata,37.1071,13.9461,77.23,65,0,11.27,IT,2022-07-09 19:57:32
409,Coracora,-15.0333,-73.7833,59.32,40,74,7.65,PE,2022-07-09 19:57:32
410,Souillac,-20.5167,57.5167,68.38,64,20,11.5,MU,2022-07-09 19:57:33
411,Strezhevoy,60.7333,77.5889,66.72,90,38,5.19,RU,2022-07-09 19:57:33
412,Waycross,31.2136,-82.354,77.23,54,98,3.98,US,2022-07-09 19:57:34
413,Norman Wells,65.282,-126.8329,77.04,47,75,11.5,CA,2022-07-09 19:57:34
414,Bombay,19.0144,72.8479,82.38,89,100,14.97,IN,2022-07-09 19:54:49
415,Molina,-35.1167,-71.2833,50.38,100,100,19.57,CL,2022-07-09 19:55:02
416,Atambua,-9.1061,124.8925,69.58,86,100,6.17,ID,2022-07-09 19:58:15
417,Praia,14.9215,-23.5087,77.54,73,75,11.5,CV,2022-07-09 19:58:35
418,Imeni Zhelyabova,58.9544,36.5956,59.38,77,100,4.56,RU,2022-07-09 19:58:36
419,Katobu,-4.9408,122.5276,73.6,95,12,4.7,ID,2022-07-09 19:58:36
420,Thinadhoo,0.5333,72.9333,82.76,75,87,10.18,MV,2022-07-09 19:56:33
421,Broome,42.2506,-75.833,80.46,41,7,4.0,US,2022-07-09 19:56:49
422,Mao,39.8885,4.2658,77.56,44,0,5.75,ES,2022-07-09 19:58:37
423,Saint-Pierre,-21.3393,55.4781,68.92,68,0,19.57,RE,2022-07-09 19:58:37
424,Singapore,1.2897,103.8501,82.35,85,75,4.61,SG,2022-07-09 19:58:15
425,Ferrol,43.4832,-8.2369,82.92,73,0,6.82,ES,2022-07-09 19:58:38
426,Hadejia,12.4498,10.0444,84.81,52,93,14.58,NG,2022-07-09 19:58:38
427,Hyvinkaa,60.6333,24.8667,61.95,87,100,3.0,FI,2022-07-09 19:58:39
428,Akhtubinsk,48.2795,46.1722,81.88,24,54,10.02,RU,2022-07-09 19:58:39
429,Nantucket,41.2835,-70.0995,73.51,83,0,16.4,US,2022-07-09 19:54:05
430,Buala,-8.145,159.5921,78.71,80,32,4.83,SB,2022-07-09 19:58:40
431,Madzhalis,42.1217,47.8333,69.75,56,0,5.64,RU,2022-07-09 19:58:40
432,Sisimiut,66.9395,-53.6735,43.83,82,100,10.51,GL,2022-07-09 19:58:41
433,Nikel,69.4128,30.222,57.38,80,97,9.46,RU,2022-07-09 19:58:41
434,Sao Joao Da Barra,-21.6403,-41.0511,77.09,80,2,13.65,BR,2022-07-09 19:58:42
435,Nome,64.5011,-165.4064,70.16,61,0,8.61,US,2022-07-09 19:58:42
436,Sawtell,-30.3833,153.1,42.19,93,0,0.0,AU,2022-07-09 19:56:25
437,Iqaluit,63.7506,-68.5145,42.53,81,40,11.5,CA,2022-07-09 19:58:43
438,Gizo,-8.103,156.8419,80.2,72,54,5.84,SB,2022-07-09 19:58:43
439,Acapulco,16.8634,-99.8901,87.33,70,22,11.03,MX,2022-07-09 19:55:37
440,Copiapo,-27.3667,-70.3333,58.69,54,0,5.86,CL,2022-07-09 19:58:44
441,Belmonte,-15.8631,-38.8828,73.94,74,20,10.76,BR,2022-07-09 19:58:44
442,Keti Bandar,24.1447,67.4497,82.63,82,100,15.75,PK,2022-07-09 19:58:45
443,Skaudvile,55.4167,22.6167,52.07,93,0,6.49,LT,2022-07-09 19:58:45
444,Mwadui,-3.55,33.6,69.31,44,1,8.43,TZ,2022-07-09 19:58:46
445,Bandikui,27.05,76.5667,89.92,55,82,4.92,IN,2022-07-09 19:58:46
446,Gewane,10.1664,40.6453,79.36,58,100,9.78,ET,2022-07-09 19:58:46
447,Khorinsk,52.1657,109.7726,50.83,74,25,5.23,RU,2022-07-09 19:58:47
448,Vanavara,60.34,102.2797,50.7,85,20,1.68,RU,2022-07-09 19:58:47
449,Sur,22.5667,59.5289,84.0,80,100,13.09,OM,2022-07-09 19:58:48
450,Haapiti,-17.5667,-149.8667,80.33,71,98,18.9,PF,2022-07-09 19:58:48
451,Shubarshi,48.5872,57.1869,71.22,50,5,8.52,KZ,2022-07-09 19:58:49
452,Chapais,49.7834,-74.8492,64.18,28,6,8.5,CA,2022-07-09 19:58:49
453,Kaoma,-14.7833,24.8,56.82,50,0,5.3,ZM,2022-07-09 19:58:49
454,Adrar,20.5022,-10.0711,103.66,10,4,4.54,MR,2022-07-09 19:58:50
455,Mehamn,71.0357,27.8492,55.35,76,100,2.3,NO,2022-07-09 19:58:51
456,Dubbo,-32.25,148.6167,28.53,100,4,5.75,AU,2022-07-09 19:58:51
457,Vestmannaeyjar,63.4427,-20.2734,51.73,97,100,20.51,IS,2022-07-09 19:58:52
458,Mount Isa,-20.7333,139.5,49.77,53,0,6.91,AU,2022-07-09 19:58:52
459,Upington,-28.4478,21.2561,64.78,32,5,9.22,ZA,2022-07-09 19:58:52
460,Vanderhoof,54.0166,-124.0198,69.98,34,60,10.8,CA,2022-07-09 19:59:53
461,Tucurui,-3.7661,-49.6725,86.13,59,34,3.74,BR,2022-07-09 19:59:53
462,Tigre,-34.426,-58.5796,67.26,81,0,10.36,AR,2022-07-09 19:59:54
463,Iberia,29.9502,-91.7507,98.96,55,55,4.47,US,2022-07-09 19:59:54
464,Koslan,63.4564,48.8989,62.33,60,77,1.99,RU,2022-07-09 19:59:55
465,Tahta,26.7693,31.5021,89.08,22,38,9.95,EG,2022-07-09 19:59:55
466,Ofaqim,31.3141,34.6203,76.71,69,2,5.03,IL,2022-07-09 19:59:56
467,Mizdah,31.4451,12.9801,76.08,51,0,14.16,LY,2022-07-09 19:59:56
468,Ormara,25.2088,64.6357,82.6,86,69,7.54,PK,2022-07-09 19:59:57
469,Talnakh,69.4865,88.3972,47.21,95,100,18.07,RU,2022-07-09 19:59:57
470,Karratha,-20.7377,116.8463,61.88,34,1,5.39,AU,2022-07-09 19:59:58
471,Wanning,18.8003,110.3967,79.79,89,98,3.04,CN,2022-07-09 19:59:58
472,Baykit,61.67,96.37,62.6,67,100,3.27,RU,2022-07-09 19:59:58
473,Brandon,27.9378,-82.2859,94.05,73,93,7.0,US,2022-07-09 19:59:59
474,Abong Mbang,3.9833,13.1833,67.71,98,75,2.75,CM,2022-07-09 19:59:59
475,Paramonga,-10.6667,-77.8333,66.11,75,26,10.89,PE,2022-07-09 19:59:59
476,Norfolk,42.1668,-71.2495,86.63,44,0,1.99,US,2022-07-09 19:59:34
477,Parabel,58.6978,81.4825,63.77,82,96,6.26,RU,2022-07-09 20:00:00
478,Dali,25.7,100.1833,62.92,90,63,2.66,CN,2022-07-09 20:00:00
479,Kabelvag,68.2114,14.4817,56.53,83,100,6.2,NO,2022-07-09 20:00:01
480,Sete,43.4018,3.6966,79.88,54,0,3.44,FR,2022-07-09 20:00:02
481,Trat,12.5,102.5,80.87,94,100,11.05,TH,2022-07-09 20:00:02
482,Tibiri,13.5627,7.0485,79.23,62,81,18.88,NE,2022-07-09 20:00:03
483,Usogorsk,63.4106,48.6872,62.22,61,79,1.77,RU,2022-07-09 20:00:04
484,Saldanha,-33.0117,17.9442,56.01,93,3,16.58,ZA,2022-07-09 20:00:05
485,Qarchi Gak,37.04,66.7889,84.11,18,0,11.99,AF,2022-07-09 20:00:07
486,Haines Junction,60.7522,-137.5108,64.4,46,100,7.52,CA,2022-07-09 20:00:08
487,Vila Velha,-20.3297,-40.2925,69.94,90,63,10.2,BR,2022-07-09 20:00:09
488,Valle De Allende,26.9333,-105.4,88.95,25,91,8.43,MX,2022-07-09 20:00:09
489,Gladstone,-23.85,151.25,47.79,71,0,4.61,AU,2022-07-09 20:00:10
490,Coahuayana,18.7333,-103.6833,90.3,56,100,5.93,MX,2022-07-09 20:00:10
491,Bulungu,-4.55,18.6,76.48,30,48,2.75,CD,2022-07-09 20:00:11
492,Lagoa,39.05,-27.9833,66.78,79,96,11.3,PT,2022-07-09 20:00:12
493,Vanimo,-2.6741,141.3028,77.14,89,100,6.31,PG,2022-07-09 20:00:13
494,Rovaniemi,66.5,25.7167,60.21,77,0,8.05,FI,2022-07-09 20:00:13
495,Changde,29.0464,111.6783,80.62,83,8,6.78,CN,2022-07-09 20:00:14
496,Borisoglebskiy,57.2586,39.1508,60.44,92,100,2.46,RU,2022-07-09 20:00:15
497,Amapa,1.0,-52.0,78.13,90,92,3.15,BR,2022-07-09 20:00:16
498,Nizhniy Kuranakh,58.8353,125.4869,58.01,98,100,0.89,RU,2022-07-09 20:00:16
499,Ayagoz,47.9714,80.4392,59.61,66,27,5.57,KZ,2022-07-09 20:00:17
500,Kibakwe,-6.7167,36.3667,56.79,66,0,3.91,TZ,2022-07-09 20:00:17
501,Gallup,35.5281,-108.7426,87.4,18,51,3.96,US,2022-07-09 20:00:18
502,Am Timan,11.0297,20.2827,76.23,72,24,6.2,TD,2022-07-09 20:00:19
503,Rabo De Peixe,37.8,-25.5833,69.28,79,75,10.36,PT,2022-07-09 20:00:19
504,Raghunathpur,23.55,86.6667,81.28,80,3,7.52,IN,2022-07-09 20:00:20
505,Yaan,7.3833,8.5667,73.31,94,100,7.76,NG,2022-07-09 20:01:20
506,Faya,18.3851,42.4509,68.9,43,100,7.78,SA,2022-07-09 20:01:21
507,Opuwo,-18.0607,13.84,58.6,52,0,3.71,NA,2022-07-09 20:01:21
508,Cepu,-7.1475,111.5906,71.19,87,42,4.65,ID,2022-07-09 20:01:22
509,Moree,-29.4667,149.85,38.84,88,0,6.71,AU,2022-07-09 20:01:22
510,Praya,14.9215,-23.5087,76.1,78,65,6.02,CV,2022-07-09 20:01:22
511,Tiznit,29.5833,-9.5,94.44,16,16,1.54,MA,2022-07-09 20:01:23
512,Maniitsoq,65.4167,-52.9,41.49,89,100,10.8,GL,2022-07-09 20:01:23
513,Ampanihy,-24.7,44.75,61.65,53,0,6.22,MG,2022-07-09 20:01:24
514,Baoro,5.6667,15.9667,67.19,95,86,3.09,CF,2022-07-09 20:01:24
515,Itoman,26.1247,127.6694,84.22,89,20,8.05,JP,2022-07-09 20:01:25
516,Tual,-5.6667,132.75,79.79,82,82,20.62,ID,2022-07-09 20:01:25
517,Husavik,66.0449,-17.3389,55.08,76,100,4.74,IS,2022-07-09 20:01:26
518,Mangaluru,12.8667,74.8833,76.06,94,100,0.0,IN,2022-07-09 19:58:25
519,Luangwa,-15.6167,30.4167,61.93,70,10,2.44,ZM,2022-07-09 20:01:26
520,Takoradi,4.8845,-1.7554,76.14,85,80,9.35,GH,2022-07-09 20:01:27
521,Camana,-16.6228,-72.7111,63.77,79,89,8.37,PE,2022-07-09 20:01:27
522,Ibia,-19.4783,-46.5389,73.9,37,0,6.64,BR,2022-07-09 20:01:27
523,Balkanabat,39.5108,54.3671,86.7,21,0,7.38,TM,2022-07-09 20:01:28
524,Inhambane,-23.865,35.3833,67.24,73,0,8.52,MZ,2022-07-09 20:01:28
525,Tromso,69.6496,18.957,57.22,72,75,8.05,NO,2022-07-09 20:01:27
526,Porto Nacional,-10.7081,-48.4172,92.23,25,4,5.82,BR,2022-07-09 20:01:29
527,Dubti,11.7361,41.0853,86.56,43,100,13.78,ET,2022-07-09 20:01:29
528,Leh,34.1667,77.5833,61.68,58,100,4.72,IN,2022-07-09 20:01:30
529,Pochutla,15.7432,-96.4661,92.82,57,12,8.19,MX,2022-07-09 20:01:30
530,Pangai,-19.8,-174.35,76.41,70,100,20.92,TO,2022-07-09 20:01:31
531,Mangaratiba,-22.9597,-44.0406,68.18,84,15,3.0,BR,2022-07-09 20:01:31
532,Karoi,-16.8099,29.6925,53.28,73,0,4.29,ZW,2022-07-09 20:01:32
533,Trapani,37.8333,12.6667,75.24,60,0,8.88,IT,2022-07-09 20:01:32
534,Namatanai,-3.6667,152.4333,76.93,76,0,7.52,PG,2022-07-09 20:01:32
535,Honningsvag,70.9821,25.9704,53.35,82,20,2.3,NO,2022-07-09 20:01:33
536,Urmary,55.6789,47.944,64.83,85,100,4.59,RU,2022-07-09 20:01:33
537,Makat,47.6469,53.3463,84.81,29,76,15.48,KZ,2022-07-09 20:01:34
538,Ponta Delgada,37.7333,-25.6667,70.5,77,75,10.36,PT,2022-07-09 20:01:34
539,Gorele,41.0308,39.0031,71.26,87,0,4.34,TR,2022-07-09 20:01:35
540,Camacupa,-12.0167,17.4833,60.1,32,13,1.59,AO,2022-07-09 20:01:35
541,Sistranda,63.7256,8.834,51.76,87,100,16.04,NO,2022-07-09 20:01:36
542,Elizabeth City,36.2946,-76.2511,89.62,81,75,9.22,US,2022-07-09 20:01:36
543,Nioro,13.35,-15.75,85.08,64,78,11.23,GM,2022-07-09 20:01:36
544,Alice Springs,-23.7,133.8833,29.75,93,0,0.0,AU,2022-07-09 20:01:37
545,Shelburne,44.0787,-80.2041,73.9,50,51,8.08,CA,2022-07-09 19:57:10
546,Noumea,-22.2763,166.4572,75.0,99,2,7.23,NC,2022-07-09 20:01:37
547,Caravelas,-17.7125,-39.2481,73.13,72,0,5.26,BR,2022-07-09 20:01:38
548,Copperas Cove,31.1241,-97.9031,104.36,30,40,5.75,US,2022-07-09 20:01:38
549,Iquique,-20.2208,-70.1431,63.66,74,89,6.82,CL,2022-07-09 20:01:39
550,Kumluca,36.3703,30.2869,78.28,71,0,6.78,TR,2022-07-09 20:01:39
551,Korla,41.7597,86.1469,81.16,23,78,9.84,CN,2022-07-09 20:02:39
552,Pangody,65.85,74.4859,53.64,84,0,5.01,RU,2022-07-09 20:02:40
553,Arvika,59.6553,12.5852,56.01,60,80,0.2,SE,2022-07-09 20:02:40
554,Roald,62.5833,6.1333,55.17,93,75,14.97,NO,2022-07-09 20:02:41
555,Kawalu,-7.3817,108.2082,70.32,91,95,0.74,ID,2022-07-09 20:02:41
556,Tarko-Sale,64.9225,77.785,55.78,80,1,10.71,RU,2022-07-09 19:57:46
557,Esso,55.9333,158.7,70.83,83,98,4.52,RU,2022-07-09 20:02:42
558,Pitimbu,-7.4706,-34.8086,76.6,83,8,13.6,BR,2022-07-09 20:02:42
559,Dioknisi,41.6293,42.3917,63.01,88,13,5.53,GE,2022-07-09 20:02:43
560,Mae Sai,20.4335,99.8762,72.81,99,100,1.39,TH,2022-07-09 20:02:43
561,San Quintin,30.4833,-115.95,75.18,63,15,17.54,MX,2022-07-09 20:02:44
562,Songjianghe,42.1859,127.479,58.95,96,98,3.27,CN,2022-07-09 20:02:44
563,Knyaze-Volkonskoye,48.4642,135.4567,70.14,97,77,5.06,RU,2022-07-09 20:02:45
564,Kirakira,-10.4544,161.9205,78.17,84,21,6.08,SB,2022-07-09 20:02:45
565,Waiouru,-39.4833,175.6667,43.0,97,100,2.84,NZ,2022-07-09 20:02:45
566,Senekal,-28.3197,27.6208,49.39,56,0,3.74,ZA,2022-07-09 20:02:46
567,Fairhope,30.523,-87.9033,94.01,68,0,15.99,US,2022-07-09 20:02:46
568,Muzaffarabad,34.37,73.4711,77.79,82,40,3.42,PK,2022-07-09 20:02:47
569,Nhamunda,-2.1861,-56.7131,88.59,52,72,5.64,BR,2022-07-09 20:02:47
570,Grand Gaube,-20.0064,57.6608,67.37,68,63,5.01,MU,2022-07-09 20:02:47
571,Yumen,40.2833,97.2,74.52,18,16,5.3,CN,2022-07-09 20:02:48
572,Lovozero,68.005,35.0117,52.72,81,100,6.42,RU,2022-07-09 19:59:08
573,Calabozo,8.9242,-67.4293,86.07,63,84,2.57,VE,2022-07-09 20:02:48
574,Trincomalee,8.5711,81.2335,82.18,74,100,21.07,LK,2022-07-09 20:02:49
575,Morada Nova,-5.1067,-38.3725,84.47,47,43,6.64,BR,2022-07-09 20:02:49
576,Guane,22.2025,-84.0875,88.79,55,25,5.32,CU,2022-07-09 20:02:50
577,Lasa,46.6166,10.7002,60.51,71,94,6.06,IT,2022-07-09 20:02:50
578,Ishigaki,24.3448,124.1572,84.52,76,21,14.05,JP,2022-07-09 20:02:50
579,Miandoab,36.9694,46.1027,75.29,32,0,8.46,IR,2022-07-09 20:02:51
580,Rathdrum,47.8137,-116.892,82.22,46,54,4.0,US,2022-07-09 20:02:51
581,Flin Flon,54.7682,-101.865,76.3,64,86,6.35,CA,2022-07-09 20:02:52
